20280,HC,ROPA LAVADO,Liquido,LIMPIEX,900
20180,HC,ROPA LAVADO,Liquido,LIMPIEX,450
20332,HC,ROPA LAVADO,Liquido,LIMPIEX,120
20222,HC,ROPA LAVADO,Liquido,LIMPIEX,450
20288,HC,ROPA LAVADO,Liquido,LIMPIEX,900
20082,HC,ROPA MANCHAS,Ladrillo,LIMPIEX,200
20039,HC,ROPA MANCHAS,Ladrillo,LIMPIEX,200
20017,HC,VAJILLA,Opaco,LIMPIEX,750
20008,HC,VAJILLA,Opaco,LIMPIEX,750
20018,HC,VAJILLA,Cristalino,LIMPIEX,750
20109,HC,VAJILLA,Cristalino,LIMPIEX,750
20006,HC,VAJILLA,Cristalino,LIMPIEX,750
20174,HC,ROPA LAVADO,Liquido,LIMPIEX,400
20126,HC,ROPA LAVADO,Liquido,LIMPIEX,1400
20085,HC,ROPA LAVADO,Liquido,LIMPIEX,3000
20026,HC,ROPA LAVADO,Liquido,LIMPIEX,800
20002,HC,ROPA LAVADO,Liquido,LIMPIEX,3000
20168,HC,ROPA LAVADO,Liquido,LIMPIEX,3000
20043,HC,ROPA LAVADO,Polvo,LIMPIEX,800
20024,HC,ROPA LAVADO,Polvo,LIMPIEX,3000
20097,HC,VAJILLA,Opaco,LIMPIEX,1250
20099,HC,VAJILLA,Opaco,LIMPIEX,4000
20029,HC,VAJILLA,Cristalino,LIMPIEX,750
20164,HC,PROFESIONAL,Polvo,LIMPIEX,10000
20010,HC,ROPA LAVADO,Polvo,LIMPIEX,400
20022,HC,ROPA LAVADO,Polvo,LIMPIEX,800
20025,HC,ROPA LAVADO,Polvo,LIMPIEX,3000
20021,HC,ROPA LAVADO,Polvo,LIMPIEX,400
20020,HC,ROPA LAVADO,Polvo,LIMPIEX,800
20030,HC,ROPA LAVADO,Polvo,LIMPIEX,5000
20011,HC,ROPA LAVADO,Polvo,LIMPIEX,3000
20035,HC,ROPA LAVADO,Polvo,LIMPIEX,400
20031,HC,ROPA LAVADO,Polvo,LIMPIEX,800
20016,HC,ROPA LAVADO,Polvo,LIMPIEX,3000
20041,HC,ROPA LAVADO,Polvo,LIMPIEX,400
20050,HC,ROPA LAVADO,Polvo,LIMPIEX,800
20576,HC,PROFESIONAL,Opaco,LIMPIEX,5000
20233,HC,VAJILLA,Opaco,LIMPIEX,300
20361,HC,VAJILLA,Opaco,LIMPIEX,500
20286,HC,VAJILLA,Cristalino,LIMPIEX,450
20442,HC,VAJILLA,Cristalino,LIMPIEX,300
20548,HC,VAJILLA,Cristalino,LIMPIEX,500
20148,HC,VAJILLA,Cristalino,LIMPIEX,300
20162,HC,VAJILLA,Cristalino,LIMPIEX,500
20620,HC,VAJILLA,Cristalino,LIMPIEX,750
20811,PC,DEOS,Aero,COLBERT,90
20818,PC,DEOS,Aero,COLBERT,100
20481,PC,DEOS,Aero,COLBERT,100
21176,PC,CABELLO,Styling,COLBERT,75
21227,PC,CABELLO,Styling,COLBERT,75
21164,PC,CABELLO,Styling,COLBERT,75
20539,PC,DEOS,Aero,COLBERT,90
20599,PC,DEOS,Aero,COLBERT,90
20920,PC,DEOS,Aero,COLBERT,90
20912,PC,DEOS,Aero,COLBERT,90
20904,PC,DEOS,Aero,COLBERT,90
20267,PC,DEOS,Aero,COLBERT,100
20367,PC,DEOS,Aero,COLBERT,100
20321,PC,DEOS,Aero,COLBERT,100
20496,PC,DEOS,Aero,COLBERT,100
20386,PC,DEOS,Aero,COLBERT,100
20263,PC,DEOS,Aero,COLBERT,100
20536,PC,DEOS,Aero,COLBERT,90
20719,PC,DEOS,Aero,COLBERT,100
21027,PC,DEOS,NoAero,COLBERT,55
21196,PC,DEOS,NoAero,COLBERT,50
21034,PC,CABELLO,Styling,COLBERT,170
21040,PC,CABELLO,Styling,COLBERT,170
20460,FOODS,SOPAS Y CALDOS,PurePapas,SALSATI,100
20237,FOODS,SOPAS Y CALDOS,Salsas,SALSATI,350
20144,HC,VAJILLA,Gel,MUSCULO,300
20124,HC,VAJILLA,Gel,MUSCULO,500
20070,HC,VAJILLA,Gel,MUSCULO,300
20042,HC,VAJILLA,Gel,MUSCULO,500
20202,HC,VAJILLA,Gel,MUSCULO,750
20103,HC,VAJILLA,Gel,MUSCULO,300
20063,HC,VAJILLA,Gel,MUSCULO,500
20183,HC,VAJILLA,Gel,MUSCULO,750
20886,HC,PROFESIONAL,Gel,MUSCULO,5000
20073,HC,VAJILLA,Gel,MUSCULO,450
20477,HC,VAJILLA,Gel,MUSCULO,300
20408,HC,VAJILLA,Gel,MUSCULO,500
20112,HC,VAJILLA,Gel,MUSCULO,450
20395,HC,PROFESIONAL,Antigrasa,MUSCULO,5000
20068,HC,HOGAR,Antigrasa,MUSCULO,900
20027,HC,HOGAR,Antigrasa,MUSCULO,450
20246,HC,HOGAR,Antigrasa,MUSCULO,500
21212,HC,HOGAR,Esponja,MUSCULO,1
21184,HC,HOGAR,Esponja,MUSCULO,1
21155,HC,HOGAR,Esponja,MUSCULO,1
20803,HC,HOGAR,Paño,MUSCULO,3
20941,HC,HOGAR,Paño,MUSCULO,1
21167,HC,HOGAR,Paño,MUSCULO,1
20137,HC,HOGAR,Baño,MUSCULO,900
20076,HC,HOGAR,Baño,MUSCULO,450
20357,HC,HOGAR,Baño,MUSCULO,500
20604,HC,PROFESIONAL,Baño,MUSCULO,5000
20205,HC,HOGAR,Cremoso,MUSCULO,375
20092,HC,HOGAR,Cremoso,MUSCULO,750
20166,HC,HOGAR,Cremoso,MUSCULO,375
20065,HC,HOGAR,Cremoso,MUSCULO,750
20057,HC,HOGAR,Cremoso,MUSCULO,375
20013,HC,HOGAR,Cremoso,MUSCULO,750
20313,HC,PROFESIONAL,Cremoso,MUSCULO,3000
20209,HC,HOGAR,Cremoso,MUSCULO,375
20114,HC,HOGAR,Cremoso,MUSCULO,750
20785,HC,HOGAR,Gel,MUSCULO,250
20593,HC,HOGAR,Gel,MUSCULO,500
20160,HC,HOGAR,Gel,MUSCULO,500
20479,HC,PROFESIONAL,Gel,MUSCULO,2000
20281,HC,HOGAR,Baño,MUSCULO,450
20653,HC,HOGAR,Baño,MUSCULO,500
20681,HC,HOGAR,Gel,MUSCULO,250
20510,HC,HOGAR,Gel,MUSCULO,500
20341,HC,HOGAR,PISOS,MUSCULO,750
20845,HC,PROFESIONAL,PISOS,MUSCULO,5000
20953,HC,PROFESIONAL,PISOS,MUSCULO,5000
20206,HC,HOGAR,PISOS,MUSCULO,2000
21048,HC,HOGAR,Paño,MUSCULO,1
20201,HC,HOGAR,PISOS,MUSCULO,750
20254,HC,HOGAR,PISOS,MUSCULO,450
20478,HC,HOGAR,PISOS,MUSCULO,750
20390,HC,HOGAR,PISOS,MUSCULO,450
20415,HC,HOGAR,PISOS,MUSCULO,750
20319,HC,HOGAR,PISOS,MUSCULO,450
20447,HC,HOGAR,PISOS,MUSCULO,450
20508,HC,HOGAR,PISOS,MUSCULO,750
20197,HC,HOGAR,PISOS,MUSCULO,750
20366,HC,HOGAR,Baño,MUSCULO,450
21180,HC,HOGAR,Paño,MUSCULO,1
20253,HC,HOGAR,Baño,MUSCULO,450
20129,HC,HOGAR,Vidrios,MUSCULO,900
20053,HC,HOGAR,Vidrios,MUSCULO,450
20219,HC,HOGAR,Vidrios,MUSCULO,500
20638,HC,PROFESIONAL,Vidrios,MUSCULO,5000
21079,PC,CABELLO,ACONDICIONADOR,CAPILATIS,200
20824,PC,CABELLO,ACONDICIONADOR,CAPILATIS,400
20560,PC,CABELLO,SHAMPOO,CAPILATIS,400
20606,PC,CABELLO,SHAMPOO,CAPILATIS,200
20482,PC,CABELLO,SHAMPOO,CAPILATIS,400
20579,PC,CABELLO,SHAMPOO,CAPILATIS,200
20470,PC,CABELLO,SHAMPOO,CAPILATIS,400
20745,PC,CABELLO,SHAMPOO,CAPILATIS,200
20910,PC,CABELLO,SHAMPOO,CAPILATIS,400
20713,PC,CABELLO,SHAMPOO,CAPILATIS,200
20596,PC,CABELLO,SHAMPOO,CAPILATIS,400
20751,PC,DENTAL,CREMA,COLGATE,180
20585,PC,DENTAL,CREMA,COLGATE,90
20742,PC,DENTAL,CREMA,COLGATE,180
20563,PC,DENTAL,CREMA,COLGATE,90
20612,PC,DENTAL,CREMA,COLGATE,90
20699,PC,DENTAL,CREMA,COLGATE,90
20883,PC,DENTAL,CREMA,COLGATE,90
20985,PC,DENTAL,CREMA,COLGATE,90
20956,PC,DENTAL,CREMA,COLGATE,90
20906,PC,DENTAL,CREMA,COLGATE,90
21201,PC,DENTAL,Cepilllo,COLGATE,1
21118,PC,DENTAL,Cepilllo,COLGATE,2
21194,PC,DENTAL,Cepilllo,COLGATE,2
21207,PC,DENTAL,Cepilllo,COLGATE,2
20705,HC,ROPA ACONDICIONADOR,Concentrado,VIVERE,450
20666,HC,ROPA ACONDICIONADOR,Concentrado,VIVERE,1000
20737,HC,ROPA ACONDICIONADOR,Concentrado,VIVERE,1000
20304,HC,ROPA ACONDICIONADOR,Concentrado,VIVERE,1000
20473,HC,ROPA ACONDICIONADOR,Concentrado,VIVERE,450
20588,HC,ROPA ACONDICIONADOR,Concentrado,VIVERE,1000
20724,HC,ROPA ACONDICIONADOR,Concentrado,VIVERE,450
20055,HC,ROPA ACONDICIONADOR,Diluido,VIVERE,900
20056,HC,ROPA ACONDICIONADOR,Diluido,VIVERE,3000
20513,HC,PROFESIONAL,SUAVIZANTE,VIVERE,5000
20703,PC,CABELLO,Acond Mujer,NIVEA,400
20434,PC,CABELLO,Acond Mujer,NIVEA,200
20290,PC,CABELLO,Acond Mujer,NIVEA,400
20571,PC,CABELLO,Acond Mujer,NIVEA,200
20368,PC,CABELLO,Acond Mujer,NIVEA,400
20401,PC,CABELLO,Acond Mujer,NIVEA,200
20256,PC,CABELLO,Acond Mujer,NIVEA,400
20469,PC,CABELLO,Acond Mujer,NIVEA,750
20879,PC,CABELLO,Acond Mujer,NIVEA,10
20330,PC,CABELLO,Acond Mujer,NIVEA,200
20212,PC,CABELLO,Acond Mujer,NIVEA,400
20335,PC,CABELLO,Acond Mujer,NIVEA,750
20662,PC,CABELLO,Acond Mujer,NIVEA,400
20417,PC,CABELLO,Acond Mujer,NIVEA,400
20815,PC,CABELLO,Acond Mujer,NIVEA,200
20343,PC,CABELLO,Acond Mujer,NIVEA,400
20673,PC,CABELLO,Acond Mujer,NIVEA,400
20946,PC,DEOS,Aero,NIVEA,90
20901,PC,DEOS,Aero,NIVEA,55
20768,PC,DEOS,Aero,NIVEA,55
20783,PC,CABELLO,Acond Bebe,NIVEA,200
20793,PC,PIEL2,Jabon Bebe,NIVEA,180
20831,PC,PIEL2,Jabon Bebe,NIVEA,180
20853,PC,CABELLO,Shampoo Bebe,NIVEA,200
20658,PC,CABELLO,Shampoo Bebe,NIVEA,200
20622,PC,CABELLO,Shampoo Bebe,NIVEA,400
20642,PC,PIEL2,Toallitas Bebe,NIVEA,50
20651,PC,PIEL2,Toallitas Bebe,NIVEA,50
21087,PC,DEOS,Aero,NIVEA,65
21126,PC,DEOS,Aero,NIVEA,50
20340,PC,CABELLO,ACONDICIONADOR,NIVEA,180
21276,PC,PIEL1,Cara,NIVEA,140
20809,PC,PIEL1,Cuerpo,NIVEA,400
21039,PC,PIEL1,Cuerpo,NIVEA,200
20933,PC,PIEL1,Cuerpo,NIVEA,400
20830,PC,PIEL1,Cuerpo,NIVEA,200
20696,PC,PIEL1,Cuerpo,NIVEA,400
20826,PC,PIEL1,Cuerpo,NIVEA,200
20680,PC,PIEL1,Cuerpo,NIVEA,400
20410,PC,DEOS,Aero,NIVEA,89
20569,PC,DEOS,Aero,NIVEA,89
20679,PC,DEOS,Aero,NIVEA,89
20315,PC,DEOS,Aero,NIVEA,89
20720,PC,DEOS,Aero,NIVEA,89
20122,PC,DEOS,Aero,NIVEA,89
20359,PC,DEOS,Aero,NIVEA,89
20453,PC,DEOS,Aero,NIVEA,89
20349,PC,DEOS,Aero,NIVEA,89
20924,PC,DEOS,Aero,NIVEA,90
20967,PC,DEOS,RollOn,NIVEA,50
21035,PC,DEOS,RollOn,NIVEA,50
21214,PC,DEOS,RollOn,NIVEA,50
20777,PC,DEOS,RollOn,NIVEA,50
20697,PC,DEOS,RollOn,NIVEA,50
20807,PC,DEOS,RollOn,NIVEA,50
20908,PC,DEOS,RollOn,NIVEA,50
20913,PC,DEOS,RollOn,NIVEA,50
20326,PC,DEOS,RollOn,NIVEA,50
21084,PC,DEOS,Barra,NIVEA,50
21109,PC,DEOS,Barra,NIVEA,50
21171,PC,DEOS,Stick,NIVEA,50
21008,PC,DEOS,Stick,NIVEA,50
20637,PC,DEOS,Stick,NIVEA,50
21153,PC,PIEL1,Limpieza Cara,NIVEA,100
21168,PC,PIEL1,Limpieza Cara,NIVEA,100
21159,PC,PIEL1,Limpieza Cara,NIVEA,100
20864,PC,PIEL2,Liquido,NIVEA,250
20419,PC,PIEL2,Liquido,NIVEA,220
20058,PC,PIEL2,Barra,NIVEA,90
20283,PC,PIEL2,Barra,NIVEA,90
20892,PC,PIEL2,Liquido,NIVEA,250
20788,PC,PIEL2,Liquido,NIVEA,250
21006,PC,PIEL2,Liquido,NIVEA,250
20488,PC,PIEL2,Barra,NIVEA,90
20711,PC,PIEL2,Barra,NIVEA,90
21267,PC,PIEL1,Cara,NIVEA,250
21252,PC,PIEL1,Cuerpo,NIVEA,470
20605,PC,DEOS,Aero,NIVEA,89
20942,PC,CABELLO,Tratamiento Masc,NIVEA,300
20899,PC,CABELLO,Tratamiento Masc,NIVEA,300
20500,PC,DEOS,Aero,NIVEA,89
20775,PC,PIEL2,Jabon Barba,NIVEA,90
20744,PC,DEOS,Aero,NIVEA,89
20639,PC,DEOS,Aero,NIVEA,89
20932,PC,DEOS,Aero,NIVEA,150
20628,PC,CABELLO,SHAMPOO,NIVEA,400
20914,PC,CABELLO,SHAMPOO,NIVEA,200
20789,PC,CABELLO,SHAMPOO,NIVEA,200
20686,PC,CABELLO,SHAMPOO,NIVEA,400
20400,PC,CABELLO,SHAMPOO,NIVEA,200
20275,PC,CABELLO,SHAMPOO,NIVEA,400
20541,PC,CABELLO,NUTRICION,NIVEA,200
20351,PC,CABELLO,NUTRICION,NIVEA,400
20365,PC,CABELLO,SHAMPOO,NIVEA,200
20244,PC,CABELLO,SHAMPOO,NIVEA,400
20406,PC,CABELLO,SHAMPOO,NIVEA,750
20894,PC,CABELLO,SHAMPOO,NIVEA,10
20334,PC,CABELLO,SHAMPOO,NIVEA,180
20309,PC,CABELLO,SHAMPOO,NIVEA,200
20189,PC,CABELLO,SHAMPOO,NIVEA,400
20342,PC,CABELLO,SHAMPOO,NIVEA,750
20615,PC,CABELLO,SHAMPOO,NIVEA,400
20377,PC,CABELLO,SHAMPOO,NIVEA,400
20298,PC,CABELLO,SHAMPOO,NIVEA,400
20621,PC,CABELLO,SHAMPOO,NIVEA,400
20968,PC,CABELLO,SHAMPOO,NIVEA,400
20997,PC,CABELLO,Tratamiento Fem,NIVEA,170
20902,PC,CABELLO,Tratamiento Fem,NIVEA,170
20832,PC,CABELLO,Tratamiento Fem,NIVEA,350
20236,HC,ROPA LAVADO,Liquido,ROPEX1,400
20262,HC,PROFESIONAL,INDUSTRIAL,ROPEX1,5000
20151,HC,ROPA LAVADO,Liquido,ROPEX1,3000
20009,HC,ROPA LAVADO,Liquido,ROPEX1,3000
20015,HC,ROPA LAVADO,Liquido,ROPEX1,800
20091,HC,ROPA LAVADO,Polvo,ROPEX1,400
20067,HC,ROPA LAVADO,Polvo,ROPEX1,800
20028,HC,ROPA LAVADO,Polvo,ROPEX1,3000
20069,HC,ROPA LAVADO,Polvo,ROPEX1,400
20038,HC,ROPA LAVADO,Polvo,ROPEX1,800
20203,HC,PROFESIONAL,INDUSTRIAL,ROPEX1,10000
20066,HC,ROPA LAVADO,Polvo,ROPEX1,800
20071,HC,ROPA LAVADO,Polvo,ROPEX1,400
20072,HC,ROPA LAVADO,Polvo,ROPEX1,3000
20158,FOODS,ADEREZOS,Ketchup,MAYOS3,240
20116,FOODS,ADEREZOS,Mayonesa,MAYOS3,240
20084,FOODS,ADEREZOS,Mayonesa,MAYOS3,475
20121,FOODS,ADEREZOS,Mayonesa,MAYOS3,950
20227,FOODS,ADEREZOS,Mayonesa,MAYOS3,120
20232,FOODS,ADEREZOS,Mostaza,MAYOS3,240
20224,FOODS,ADEREZOS,Salsa Golf,MAYOS3,240
20032,HC,ROPA LAVADO,Liquido,ROPEX2,3000
20089,HC,ROPA LAVADO,Liquido,ROPEX2,800
20210,HC,ROPA LAVADO,Liquido,ROPEX2,800
20127,HC,ROPA LAVADO,Liquido,ROPEX2,3000
20580,FOODS,ADEREZOS,Mayonesa,NATURA,240
20547,FOODS,ADEREZOS,Mayonesa,NATURA,500
20033,FOODS,ADEREZOS,Ketchup,NATURA,240
20095,FOODS,ADEREZOS,Ketchup,NATURA,500
20119,FOODS,ADEREZOS,Ketchup,NATURA,60
20242,FOODS,ADEREZOS,Ketchup,NATURA,400
20440,FOODS,ADEREZOS,Mayonesa,NATURA,250
20108,FOODS,ADEREZOS,Mayonesa,NATURA,240
20046,FOODS,ADEREZOS,Mayonesa,NATURA,475
20118,FOODS,ADEREZOS,Mayonesa,NATURA,950
20384,FOODS,ADEREZOS,Mayonesa,NATURA,120
20396,FOODS,ADEREZOS,Mayonesa,NATURA,240
20459,FOODS,ADEREZOS,Mayonesa,NATURA,230
20522,FOODS,ADEREZOS,Mayonesa,NATURA,500
20004,FOODS,ADEREZOS,Mayonesa,NATURA,240
20003,FOODS,ADEREZOS,Mayonesa,NATURA,475
20019,FOODS,ADEREZOS,Mayonesa,NATURA,950
20005,FOODS,ADEREZOS,Mayonesa,NATURA,120
20379,FOODS,ADEREZOS,Mayonesa,NATURA,330
20264,FOODS,ADEREZOS,Mayonesa,NATURA,250
20207,FOODS,ADEREZOS,Mayonesa,NATURA,475
20322,FOODS,ADEREZOS,Mayonesa,NATURA,1000
20609,FOODS,ADEREZOS,Aji Picante,NATURA,240
20503,FOODS,ADEREZOS,Barbacoa,NATURA,500
20325,FOODS,ADEREZOS,Barbacoa,NATURA,400
20266,FOODS,ADEREZOS,Barbacoa,NATURA,250
20289,FOODS,ADEREZOS,Salsa Golf,NATURA,125
20146,FOODS,ADEREZOS,Salsa Golf,NATURA,240
20583,PC,DEOS,Aero,DEOS2,100
21111,PC,DEOS,Aero,DEOS2,110
20840,PC,DEOS,Aero,DEOS2,60
20654,PC,DEOS,Aero,DEOS2,60
21114,PC,DEOS,Aero,DEOS2,60
21119,PC,DEOS,Aero,DEOS2,60
20849,PC,DEOS,Aero,DEOS2,60
20838,PC,DEOS,Aero,DEOS2,60
20617,FOODS,SOPAS Y CALDOS,Dishes,MAGGI,8
20800,FOODS,SOPAS Y CALDOS,Dishes,MAGGI,8
20555,FOODS,SOPAS Y CALDOS,Caldo Cubo,MAGGI,6
20647,FOODS,SOPAS Y CALDOS,Caldo Cubo,MAGGI,2
20271,FOODS,SOPAS Y CALDOS,Caldo Cubo,MAGGI,12
20567,FOODS,SOPAS Y CALDOS,Caldo Cubo,MAGGI,12
20249,FOODS,SOPAS Y CALDOS,Caldo Cubo,MAGGI,6
20278,FOODS,SOPAS Y CALDOS,Caldo Cubo,MAGGI,2
20090,FOODS,SOPAS Y CALDOS,Caldo Cubo,MAGGI,12
20781,FOODS,SOPAS Y CALDOS,Caldos Granulados,MAGGI,4
20846,FOODS,SOPAS Y CALDOS,Caldos Granulados,MAGGI,5
20323,FOODS,SOPAS Y CALDOS,Caldo Cubo,MAGGI,12
20152,FOODS,SOPAS Y CALDOS,Caldo Cubo,MAGGI,6
20192,FOODS,SOPAS Y CALDOS,Caldo Cubo,MAGGI,2
20037,FOODS,SOPAS Y CALDOS,Caldo Cubo,MAGGI,12
20052,FOODS,SOPAS Y CALDOS,Pure de Tomate,MAGGI,500
20828,FOODS,SOPAS Y CALDOS,Dishes,MAGGI,8
20925,FOODS,SOPAS Y CALDOS,Dishes,MAGGI,8
20079,FOODS,SOPAS Y CALDOS,Pure de Papas,MAGGI,125
20228,FOODS,SOPAS Y CALDOS,Pure de Papas,MAGGI,200
20216,FOODS,SOPAS Y CALDOS,Pure de Papas,MAGGI,125
20409,FOODS,SOPAS Y CALDOS,Pure de Papas,MAGGI,125
20936,FOODS,SOPAS Y CALDOS,Dishes,MAGGI,8
20843,FOODS,SOPAS Y CALDOS,Baking Bags,MAGGI,15
20759,FOODS,SOPAS Y CALDOS,Baking Bags,MAGGI,15
20715,FOODS,SOPAS Y CALDOS,Baking Bags,MAGGI,15
20863,FOODS,SOPAS Y CALDOS,Baking Bags,MAGGI,15
20614,FOODS,SOPAS Y CALDOS,Baking Bags,MAGGI,15
20664,FOODS,SOPAS Y CALDOS,Baking Bags,MAGGI,15
21038,FOODS,SOPAS Y CALDOS,Sazonadores,MAGGI,4
21088,FOODS,SOPAS Y CALDOS,Salsas Dry,MAGGI,10
20730,FOODS,SOPAS Y CALDOS,Sazonadores,MAGGI,10
20721,FOODS,SOPAS Y CALDOS,Sazonadores,MAGGI,10
20641,FOODS,SOPAS Y CALDOS,Sazonadores,MAGGI,10
20660,FOODS,SOPAS Y CALDOS,Sazonadores,MAGGI,10
20947,FOODS,SOPAS Y CALDOS,Caldos Granulados,MAGGI,4
21024,FOODS,SOPAS Y CALDOS,Sazonadores,MAGGI,4
20970,FOODS,SOPAS Y CALDOS,Caldos Granulados,MAGGI,4
21016,FOODS,SOPAS Y CALDOS,Sazonadores,MAGGI,4
20847,FOODS,SOPAS Y CALDOS,Sazonadores,MAGGI,4
20812,FOODS,SOPAS Y CALDOS,Caldos Granulados,MAGGI,4
20398,FOODS,SOPAS Y CALDOS,Sopas,MAGGI,10
20729,FOODS,SOPAS Y CALDOS,Sopas,MAGGI,10
20670,FOODS,SOPAS Y CALDOS,Sopas,MAGGI,10
20429,FOODS,SOPAS Y CALDOS,Sopas,MAGGI,10
21182,FOODS,SOPAS Y CALDOS,Sopas,MAGGI,10
20416,FOODS,SOPAS Y CALDOS,Sopas,MAGGI,10
20601,FOODS,SOPAS Y CALDOS,Sopas,MAGGI,10
20586,FOODS,SOPAS Y CALDOS,Sopas,MAGGI,10
20685,FOODS,SOPAS Y CALDOS,Sopas,MAGGI,10
20422,FOODS,SOPAS Y CALDOS,Sopas,MAGGI,10
20449,FOODS,SOPAS Y CALDOS,Sopas,MAGGI,10
20987,FOODS,SOPAS Y CALDOS,Sopas,MAGGI,500
20907,FOODS,SOPAS Y CALDOS,Sopas,MAGGI,500
20991,FOODS,SOPAS Y CALDOS,Sopas,MAGGI,5
20678,FOODS,SOPAS Y CALDOS,Sopas,MAGGI,5
20636,FOODS,SOPAS Y CALDOS,Sopas,MAGGI,5
20561,FOODS,SOPAS Y CALDOS,Sopas,MAGGI,5
20663,FOODS,SOPAS Y CALDOS,Sopas,MAGGI,5
20765,FOODS,SOPAS Y CALDOS,Sopas,MAGGI,5
20773,FOODS,SOPAS Y CALDOS,Sopas,MAGGI,5
20597,FOODS,SOPAS Y CALDOS,Sopas,MAGGI,5
20428,FOODS,SOPAS Y CALDOS,Sopas,MAGGI,5
20418,FOODS,SOPAS Y CALDOS,Sopas,MAGGI,5
20490,FOODS,SOPAS Y CALDOS,Sopas,MAGGI,5
20509,FOODS,SOPAS Y CALDOS,Sopas,MAGGI,5
20234,FOODS,SOPAS Y CALDOS,Sopas,MAGGI,10
20350,FOODS,SOPAS Y CALDOS,Sopas,MAGGI,10
21064,FOODS,SOPAS Y CALDOS,Sopas,MAGGI,5
21099,FOODS,SOPAS Y CALDOS,Sopas,MAGGI,5
20265,FOODS,SOPAS Y CALDOS,Sopas,MAGGI,10
20302,FOODS,SOPAS Y CALDOS,Sopas,MAGGI,10
20305,FOODS,SOPAS Y CALDOS,Sopas,MAGGI,10
20948,FOODS,SOPAS Y CALDOS,Salsas Dry,MAGGI,10
21032,FOODS,SOPAS Y CALDOS,Salsas Dry,MAGGI,10
21131,FOODS,SOPAS Y CALDOS,Salsas Dry,MAGGI,10
20077,FOODS,SOPAS Y CALDOS,Salsas Wet,MAGGI,350
20852,FOODS,SOPAS Y CALDOS,Dishes,MAGGI,8
21049,PC,PIEL2,LIQUIDOS,ESPADOL,225
20702,PC,PIEL2,LIQUIDOS,ESPADOL,220
20676,PC,PIEL2,BARRAS,ESPADOL,125
20568,PC,PIEL2,BARRAS,ESPADOL,375
20644,PC,PIEL2,BARRAS,ESPADOL,125
20517,PC,PIEL2,BARRAS,ESPADOL,375
20994,PC,PIEL2,LIQUIDOS,ESPADOL,250
21218,REF,TE,Hierbas,TWININGS,20
21170,REF,TE,Especial,TWININGS,20
21202,REF,TE,Hierbas,TWININGS,20
21192,REF,TE,Verde,TWININGS,20
20982,REF,TE,Azul,TWININGS,20
21222,REF,TE,Verde,TWININGS,20
20741,HC,HOGAR,Repelente,OFF,165
20657,HC,HOGAR,Repelente,OFF,165
20231,PC,CABELLO,Styling,GOMINA,150
20317,PC,CABELLO,Styling,GOMINA,280
20624,PC,CABELLO,Styling,GOMINA,150
21056,PC,PIEL2,LIQUIDOS,JABON1,250
21022,PC,PIEL2,LIQUIDOS,JABON1,250
20928,HC,PROFESIONAL,Jabon Hotel,JABON1,15
20086,FOODS,OTROS,Almidon,HARINAMA,500
20096,FOODS,OTROS,Almidon,HARINAMA,215
20975,FOODS,OTROS,Galletitas,HARINAMA,180
20995,FOODS,OTROS,Galletitas,HARINAMA,180
20962,FOODS,OTROS,Galletitas,HARINAMA,180
20689,FOODS,OTROS,Bizcochuelo,HARINAMA,500
20558,FOODS,OTROS,Bizcochuelo,HARINAMA,500
20817,FOODS,OTROS,Bizcochuelo,HARINAMA,500
20835,FOODS,OTROS,Bizcochuelo,HARINAMA,500
21246,PC,CABELLO,ACONDICIONADOR,VICHY,250
21262,PC,CABELLO,ACONDICIONADOR,VICHY,250
21256,PC,CABELLO,ACONDICIONADOR,VICHY,250
21263,PC,CABELLO,SHAMPOO,VICHY,250
21244,PC,CABELLO,SHAMPOO,VICHY,250
21259,PC,CABELLO,SHAMPOO,VICHY,250
21248,PC,CABELLO,SHAMPOO,VICHY,250
20424,PC,DEOS,Aero,DEOS3,100
20667,PC,DEOS,Aero,DEOS3,150
20484,PC,DEOS,Aero,DEOS3,100
20432,PC,DEOS,Aero,DEOS3,100
20505,PC,DEOS,Aero,DEOS3,100
21190,PC,DEOS,Aero,DEOS3,50
21224,PC,DEOS,Aero,DEOS3,50
21200,PC,DEOS,Aero,DEOS3,50
21074,PC,PIEL1,Cara,LANCOME,300
20865,PC,PIEL1,Cara,LANCOME,200
20957,PC,PIEL1,Cuerpo,LANCOME,100
21055,PC,PIEL1,Cuerpo,LANCOME,50
20882,PC,PIEL1,Cara,LANCOME,100
21057,PC,PIEL1,Cara,LANCOME,50
21028,PC,PIEL1,Cara,LANCOME,50
20885,PC,PIEL1,Cara,LANCOME,100
20937,PC,PIEL1,Cara,LANCOME,100
21080,PC,PIEL1,Cara,LANCOME,50
20801,PC,PIEL1,Cara,LANCOME,100
20976,PC,PIEL1,Cara,LANCOME,50
21163,PC,PIEL1,Cara,LANCOME,220
21135,PC,PIEL1,Cara,LANCOME,220
20862,PC,PIEL1,Cara,LANCOME,200
21140,PC,PIEL1,Cara,LANCOME,30
21112,PC,PIEL1,Cara,LANCOME,30
20111,PC,DEOS,Talco,DEOS1,60
20272,PC,DEOS,Aero,DEOS1,90
20255,PC,DEOS,Aero,DEOS1,90
20354,PC,DEOS,Aero,DEOS1,90
20646,PC,DEOS,Talco,DEOS1,90
20407,PC,DEOS,Aero,DEOS1,90
20627,PC,DEOS,Aero,DEOS1,90
20276,PC,DEOS,Aero,DEOS1,90
20320,PC,DEOS,Aero,DEOS1,90
20965,PC,DEOS,Aero,DEOS1,55
20300,PC,DEOS,Aero,DEOS1,90
20296,PC,DEOS,Aero,DEOS1,90
20307,PC,DEOS,Aero,DEOS1,90
20411,PC,DEOS,Aero,DEOS1,90
20382,PC,DEOS,Talco,DEOS1,90
20542,PC,DEOS,Talco,DEOS1,90
20878,PC,DEOS,NoAero,DEOS1,50
20986,PC,DEOS,NoAero,DEOS1,50
20949,PC,DEOS,NoAero,DEOS1,50
20749,PC,DEOS,NoAero,DEOS1,50
21179,PC,DEOS,Aero,DEOS1,50
21092,PC,DEOS,Aero,DEOS1,50
21097,PC,DEOS,NoAero,DEOS1,50
20820,PC,DEOS,NoAero,DEOS1,50
20735,PC,DEOS,NoAero,DEOS1,50
20739,PC,DEOS,NoAero,DEOS1,50
20701,PC,DEOS,NoAero,DEOS1,50
20600,PC,DEOS,NoAero,DEOS1,50
20823,PC,DEOS,NoAero,DEOS1,50
20756,PC,DEOS,NoAero,DEOS1,50
21014,PC,DEOS,NoAero,DEOS1,50
21110,PC,DEOS,NoAero,DEOS1,50
20761,PC,DEOS,NoAero,DEOS1,50
20917,PC,DEOS,Pies Aero,DEOS1,150
20402,PC,DEOS,Pies Talco,DEOS1,100
20709,PC,DEOS,Pies NoAero,DEOS1,100
20120,PC,DEOS,Pies Talco,DEOS1,100
20132,PC,DEOS,Pies Talco,DEOS1,200
20762,PC,DEOS,Aero,DEOS1,90
20123,PC,PIEL2,Jabon Regular,DEOS1,375
20139,PC,PIEL2,Jabon Regular,DEOS1,125
20700,PC,PIEL2,Jabon Antibacterial,DEOS1,90
20574,PC,PIEL2,Jabon Antibacterial,DEOS1,90
20552,PC,PIEL2,Jabon Antibacterial,DEOS1,270
20093,PC,PIEL2,Jabon Regular,DEOS1,375
20134,PC,PIEL2,Jabon Regular,DEOS1,125
20101,PC,PIEL2,Jabon Regular,DEOS1,375
20133,PC,PIEL2,Jabon Regular,DEOS1,125
20827,PC,PIEL2,Jabon Glicerina,DEOS1,90
20774,PC,PIEL2,Jabon Glicerina,DEOS1,270
20772,PC,PIEL2,Jabon Glicerina,DEOS1,90
20732,PC,PIEL2,Jabon Glicerina,DEOS1,270
20674,PC,PIEL2,Jabon Glicerina,DEOS1,90
20592,PC,PIEL2,Jabon Glicerina,DEOS1,270
20870,PC,PIEL2,Jabon Regular,DEOS1,220
20758,PC,PIEL2,Jabon Antibacterial,DEOS1,220
21037,PC,PIEL2,Jabon Antibacterial,DEOS1,250
21001,PC,PIEL2,Jabon Antibacterial,DEOS1,250
20990,PC,PIEL2,Jabon Antibacterial,DEOS1,250
20706,PC,PIEL2,Jabon Regular,DEOS1,220
21065,PC,PIEL2,Jabon Regular,DEOS1,250
20802,PC,PIEL2,Jabon Regular,DEOS1,220
20106,PC,PIEL2,Jabon Regular,DEOS1,375
20140,PC,PIEL2,Jabon Regular,DEOS1,125
20081,PC,PIEL2,Jabon Regular,DEOS1,375
20125,PC,PIEL2,Jabon Regular,DEOS1,125
20966,PC,DEOS,Aero,DEOS1,110
20235,PC,DEOS,Aero,DEOS1,90
20694,PC,DEOS,Aero,DEOS1,90
20810,PC,DEOS,NoAero,DEOS1,50
21058,PC,DEOS,NoAero,DEOS1,50
21129,PC,DEOS,NoAero,DEOS1,50
20337,PC,DEOS,Pies Talco,DEOS1,200
20859,PC,DEOS,Aero,DEOS1,110
20362,PC,DEOS,Aero,DEOS1,90
20316,PC,DEOS,Aero,DEOS1,90
20961,PC,DEOS,NoAero,DEOS1,50
20672,PC,DEOS,NoAero,DEOS1,50
20270,FOODS,ADEREZOS,Mayonesa,MAJESTA,120
20299,FOODS,ADEREZOS,Ketchup,MAJESTA,240
20161,FOODS,ADEREZOS,Mayonesa,MAJESTA,250
20107,FOODS,ADEREZOS,Mayonesa,MAJESTA,475
20175,FOODS,ADEREZOS,Mayonesa,MAJESTA,1000
20328,FOODS,ADEREZOS,Mostaza,MAJESTA,240
21154,FOODS,ADEREZOS,Mostaza,MOSTAZA1,180
21146,FOODS,ADEREZOS,Mostaza,MOSTAZA1,180
20684,FOODS,ADEREZOS,Mostaza,MOSTAZA1,220
20023,FOODS,ADEREZOS,Mostaza,MOSTAZA1,240
20100,FOODS,ADEREZOS,Mostaza,MOSTAZA1,60
20211,FOODS,ADEREZOS,Mostaza,MOSTAZA1,200
21144,FOODS,ADEREZOS,Mostaza,MOSTAZA1,180
20375,FOODS,ADEREZOS,Mostaza,MOSTAZA1,200
20403,PC,CABELLO,ACONDICIONADOR,SHAMPOO3,200
20306,PC,CABELLO,ACONDICIONADOR,SHAMPOO3,350
20348,PC,CABELLO,ACONDICIONADOR,SHAMPOO3,650
20603,PC,CABELLO,ACONDICIONADOR,SHAMPOO3,200
20537,PC,CABELLO,ACONDICIONADOR,SHAMPOO3,350
20633,PC,CABELLO,ACONDICIONADOR,SHAMPOO3,650
20822,PC,CABELLO,ACONDICIONADOR,SHAMPOO3,200
20746,PC,CABELLO,ACONDICIONADOR,SHAMPOO3,350
20795,PC,CABELLO,ACONDICIONADOR,SHAMPOO3,650
20623,PC,CABELLO,ACONDICIONADOR,SHAMPOO3,350
20324,PC,CABELLO,ACONDICIONADOR,SHAMPOO3,200
20230,PC,CABELLO,ACONDICIONADOR,SHAMPOO3,350
20291,PC,CABELLO,ACONDICIONADOR,SHAMPOO3,650
20364,PC,CABELLO,ACONDICIONADOR,SHAMPOO3,300
20188,PC,CABELLO,ACONDICIONADOR,SHAMPOO3,200
20155,PC,CABELLO,ACONDICIONADOR,SHAMPOO3,300
20193,PC,CABELLO,ACONDICIONADOR,SHAMPOO3,350
20215,PC,CABELLO,ACONDICIONADOR,SHAMPOO3,650
20184,PC,CABELLO,ACONDICIONADOR,SHAMPOO3,350
20540,PC,CABELLO,ACONDICIONADOR,SHAMPOO3,200
20527,PC,CABELLO,ACONDICIONADOR,SHAMPOO3,350
20553,PC,CABELLO,ACONDICIONADOR,SHAMPOO3,650
20251,PC,CABELLO,ACONDICIONADOR,SHAMPOO3,350
20284,PC,CABELLO,ACONDICIONADOR,SHAMPOO3,200
20269,PC,CABELLO,ACONDICIONADOR,SHAMPOO3,650
20167,PC,CABELLO,ACONDICIONADOR,SHAMPOO3,300
20282,PC,CABELLO,ACONDICIONADOR,SHAMPOO3,10
20187,PC,CABELLO,ACONDICIONADOR,SHAMPOO3,200
20145,PC,CABELLO,ACONDICIONADOR,SHAMPOO3,300
20198,PC,CABELLO,ACONDICIONADOR,SHAMPOO3,650
20303,PC,CABELLO,ACONDICIONADOR,SHAMPOO3,10
20450,PC,CABELLO,ACONDICIONADOR,SHAMPOO3,10
20292,PC,CABELLO,ACONDICIONADOR,SHAMPOO3,200
20226,PC,CABELLO,ACONDICIONADOR,SHAMPOO3,350
20252,PC,CABELLO,ACONDICIONADOR,SHAMPOO3,650
20338,PC,CABELLO,ACONDICIONADOR,SHAMPOO3,200
20327,PC,CABELLO,ACONDICIONADOR,SHAMPOO3,350
20383,PC,CABELLO,ACONDICIONADOR,SHAMPOO3,650
20640,PC,CABELLO,POST WASH,SHAMPOO3,300
20655,PC,CABELLO,POST WASH,SHAMPOO3,300
21007,PC,CABELLO,POST WASH,SHAMPOO3,135
20353,PC,CABELLO,POST WASH,SHAMPOO3,300
20387,PC,CABELLO,SHAMPOO,SHAMPOO3,200
20297,PC,CABELLO,SHAMPOO,SHAMPOO3,350
20344,PC,CABELLO,SHAMPOO,SHAMPOO3,650
20575,PC,CABELLO,SHAMPOO,SHAMPOO3,200
20525,PC,CABELLO,SHAMPOO,SHAMPOO3,350
20577,PC,CABELLO,SHAMPOO,SHAMPOO3,650
20754,PC,CABELLO,SHAMPOO,SHAMPOO3,200
20659,PC,CABELLO,SHAMPOO,SHAMPOO3,650
20301,PC,CABELLO,SHAMPOO,SHAMPOO3,200
20295,PC,CABELLO,SHAMPOO,SHAMPOO3,650
20389,PC,CABELLO,SHAMPOO,SHAMPOO3,300
20225,PC,CABELLO,SHAMPOO,SHAMPOO3,350
20356,PC,CABELLO,SHAMPOO,SHAMPOO3,350
20176,PC,CABELLO,SHAMPOO,SHAMPOO3,200
20157,PC,CABELLO,SHAMPOO,SHAMPOO3,300
20177,PC,CABELLO,SHAMPOO,SHAMPOO3,350
20208,PC,CABELLO,SHAMPOO,SHAMPOO3,650
20310,PC,CABELLO,SHAMPOO,SHAMPOO3,10
20182,PC,CABELLO,SHAMPOO,SHAMPOO3,200
20153,PC,CABELLO,SHAMPOO,SHAMPOO3,300
20181,PC,CABELLO,SHAMPOO,SHAMPOO3,350
20200,PC,CABELLO,SHAMPOO,SHAMPOO3,650
20314,PC,CABELLO,SHAMPOO,SHAMPOO3,10
20523,PC,CABELLO,SHAMPOO,SHAMPOO3,200
20495,PC,CABELLO,SHAMPOO,SHAMPOO3,350
20559,PC,CABELLO,SHAMPOO,SHAMPOO3,650
20268,PC,CABELLO,SHAMPOO,SHAMPOO3,200
20238,PC,CABELLO,SHAMPOO,SHAMPOO3,350
20277,PC,CABELLO,SHAMPOO,SHAMPOO3,650
20179,PC,CABELLO,SHAMPOO,SHAMPOO3,300
20483,PC,CABELLO,SHAMPOO,SHAMPOO3,10
20273,PC,CABELLO,SHAMPOO,SHAMPOO3,200
20220,PC,CABELLO,SHAMPOO,SHAMPOO3,350
20241,PC,CABELLO,SHAMPOO,SHAMPOO3,650
20336,PC,CABELLO,SHAMPOO,SHAMPOO3,200
20329,PC,CABELLO,SHAMPOO,SHAMPOO3,350
20385,PC,CABELLO,SHAMPOO,SHAMPOO3,650
21093,PC,CABELLO,ACONDICIONADOR,SHAMPOO3,170
21105,PC,CABELLO,ACONDICIONADOR,SHAMPOO3,170
21086,PC,CABELLO,ACONDICIONADOR,SHAMPOO3,170
21245,PC,DEOS,Aero,SKIN1,150
21233,PC,DEOS,Aero,SKIN1,150
21142,PC,PIEL1,Desmaquillante,SKIN1,200
21209,PC,PIEL1,Limpieza,SKIN1,150
21191,PC,PIEL1,Limpieza,SKIN1,150
21226,PC,PIEL1,Limpieza,SKIN1,25
20919,HC,ROPA LAVADO,Liquido,ARIEL,1000
20682,HC,ROPA LAVADO,Liquido,ARIEL,800
20378,HC,ROPA LAVADO,Liquido,ARIEL,800
20135,HC,ROPA LAVADO,Liquido,ARIEL,3000
20611,HC,ROPA LAVADO,Liquido,ARIEL,800
20102,HC,ROPA LAVADO,Liquido,ARIEL,3000
20001,HC,ROPA LAVADO,Liquido,ARIEL,3000
20045,HC,ROPA LAVADO,Liquido,ARIEL,800
20261,HC,ROPA LAVADO,Liquido,ARIEL,400
20150,HC,ROPA LAVADO,Liquido,ARIEL,1400
20691,HC,ROPA LAVADO,Polvo,ARIEL,475
20649,HC,ROPA LAVADO,Polvo,ARIEL,475
20538,PC,PIEL1,CREMA,LANCOME,350
20463,PC,PIEL1,CREMA,LANCOME,530
20661,PC,PIEL1,CREMA,LANCOME,350
20570,PC,PIEL1,CREMA,LANCOME,530
20693,PC,PIEL1,CREMA,LANCOME,350
20708,PC,PIEL1,CREMA,LANCOME,530
20714,PC,PIEL1,CREMA,LANCOME,350
20549,PC,PIEL1,CREMA,LANCOME,530
20922,PC,PIEL1,CREMA,LANCOME,350
20786,PC,PIEL1,CREMA,LANCOME,530
21157,PC,PIEL1,CUIDADO ESPECIAL,LANCOME,170
21266,PC,PIEL1,CUIDADO ESPECIAL,LANCOME,32
21265,PC,PIEL1,CUIDADO ESPECIAL,LANCOME,32
20257,PC,CABELLO,ACONDICIONADOR,SHAMPOO2,930
20059,PC,CABELLO,ACONDICIONADOR,SHAMPOO2,930
20094,PC,CABELLO,ACONDICIONADOR,SHAMPOO2,930
20080,PC,CABELLO,ACONDICIONADOR,SHAMPOO2,930
20551,PC,CABELLO,ACONDICIONADOR,SHAMPOO2,350
20159,PC,CABELLO,ACONDICIONADOR,SHAMPOO2,930
20061,PC,CABELLO,ACONDICIONADOR,SHAMPOO2,930
20170,PC,CABELLO,ACONDICIONADOR,SHAMPOO2,930
20476,PC,PIEL2,Jabon Barra,SHAMPOO2,125
20355,PC,PIEL2,Jabon Barra,SHAMPOO2,270
20521,PC,PIEL2,Jabon Barra,SHAMPOO2,125
20414,PC,PIEL2,Jabon Barra,SHAMPOO2,270
20531,PC,PIEL2,Jabon Barra,SHAMPOO2,270
20526,PC,PIEL2,Jabon Barra,SHAMPOO2,125
20458,PC,PIEL2,Jabon Barra,SHAMPOO2,270
20927,PC,CABELLO,Niños,SHAMPOO2,350
20497,PC,CABELLO,Niños,SHAMPOO2,350
20465,PC,CABELLO,Niños,SHAMPOO2,350
20951,PC,DEOS,Aero,SHAMPOO2,150
20945,PC,DEOS,Aero,SHAMPOO2,150
20213,PC,CABELLO,SHAMPOO,SHAMPOO2,930
20044,PC,CABELLO,SHAMPOO,SHAMPOO2,930
20464,PC,CABELLO,SHAMPOO,SHAMPOO2,350
20075,PC,CABELLO,SHAMPOO,SHAMPOO2,930
20054,PC,CABELLO,SHAMPOO,SHAMPOO2,930
20502,PC,CABELLO,SHAMPOO,SHAMPOO2,350
20130,PC,CABELLO,SHAMPOO,SHAMPOO2,930
20047,PC,CABELLO,SHAMPOO,SHAMPOO2,930
20143,PC,CABELLO,SHAMPOO,SHAMPOO2,930
20196,HC,VAJILLA,Opaco,Importado,1000
20388,HC,VAJILLA,Opaco,Importado,1000
20524,HC,VAJILLA,Cristalino,Importado,500
20311,HC,VAJILLA,Cristalino,Importado,1000
20652,HC,VAJILLA,Cristalino,Importado,16
20474,PC,CABELLO,ACONDICIONADOR,SHAMPOO1,400
20480,PC,CABELLO,ACONDICIONADOR,SHAMPOO1,750
20578,PC,CABELLO,DETOX,SHAMPOO1,400
20532,PC,CABELLO,DETOX,SHAMPOO1,750
20438,PC,CABELLO,ACONDICIONADOR,SHAMPOO1,400
20443,PC,CABELLO,ACONDICIONADOR,SHAMPOO1,750
20677,PC,CABELLO,ACONDICIONADOR,SHAMPOO1,200
20381,PC,CABELLO,ACONDICIONADOR,SHAMPOO1,400
20372,PC,CABELLO,ACONDICIONADOR,SHAMPOO1,750
20602,PC,CABELLO,ACONDICIONADOR,SHAMPOO1,200
20589,PC,CABELLO,ACONDICIONADOR,SHAMPOO1,400
20771,PC,CABELLO,ACONDICIONADOR,SHAMPOO1,200
21077,PC,CABELLO,POST WASH,SHAMPOO1,200
20931,PC,CABELLO,POST WASH,SHAMPOO1,400
20544,PC,CABELLO,SHAMPOO,SHAMPOO1,400
20743,PC,CABELLO,SHAMPOO,SHAMPOO1,200
20514,PC,CABELLO,SHAMPOO,SHAMPOO1,400
20466,PC,CABELLO,SHAMPOO,SHAMPOO1,750
20404,PC,CABELLO,POST WASH,SHAMPOO1,750
20380,PC,CABELLO,POST WASH,SHAMPOO1,400
20629,PC,CABELLO,POST WASH,SHAMPOO1,200
20572,PC,CABELLO,SHAMPOO,SHAMPOO1,200
20352,PC,CABELLO,SHAMPOO,SHAMPOO1,400
20346,PC,CABELLO,SHAMPOO,SHAMPOO1,750
20632,PC,CABELLO,SHAMPOO,SHAMPOO1,200
20433,PC,CABELLO,SHAMPOO,SHAMPOO1,400
20456,PC,CABELLO,SHAMPOO,SHAMPOO1,750
20491,HC,HOGAR,Baño,AYUDIN,450
20757,HC,HOGAR,Baño,AYUDIN,500
20855,HC,HOGAR,TOILETTE,AYUDIN,35
20750,HC,HOGAR,TOILETTE,AYUDIN,55
21073,HC,HOGAR,TOILETTE,AYUDIN,35
21003,HC,HOGAR,TOILETTE,AYUDIN,30
20996,HC,HOGAR,TOILETTE,AYUDIN,30
20877,HC,HOGAR,TOILETTE,AYUDIN,35
21033,HC,HOGAR,TOILETTE,AYUDIN,55
20138,HC,HOGAR,LAVANDINA EN GEL,AYUDIN,700
20117,HC,HOGAR,LAVANDINA EN GEL,AYUDIN,700
20421,HC,HOGAR,TOILETTE,AYUDIN,300
20239,HC,HOGAR,TOILETTE,AYUDIN,300
20062,HC,HOGAR,LAVANDINA EN GEL,AYUDIN,700
21042,HC,HOGAR,TOILETTE,AYUDIN,100
21044,HC,HOGAR,TOILETTE,AYUDIN,100
20520,HC,ROPA ACONDICIONADOR,ACONDICIONADOR,DOWNY,1000
20530,HC,ROPA ACONDICIONADOR,ACONDICIONADOR,DOWNY,450
20733,HC,ROPA ACONDICIONADOR,ACONDICIONADOR,DOWNY,1000
20426,HC,ROPA ACONDICIONADOR,ACONDICIONADOR,DOWNY,450
20358,HC,ROPA ACONDICIONADOR,ACONDICIONADOR,DOWNY,1000
20087,HC,ROPA ACONDICIONADOR,ACONDICIONADOR,DOWNY,900
20051,HC,ROPA ACONDICIONADOR,ACONDICIONADOR,DOWNY,900
20074,HC,ROPA ACONDICIONADOR,ACONDICIONADOR,DOWNY,900
20049,HC,ROPA ACONDICIONADOR,ACONDICIONADOR,DOWNY,3000
20007,HC,ROPA ACONDICIONADOR,ACONDICIONADOR,DOWNY,900
20014,HC,ROPA ACONDICIONADOR,ACONDICIONADOR,DOWNY,3000
20218,HC,PROFESIONAL,SUAVIZANTE,DOWNY,5000
20012,HC,ROPA ACONDICIONADOR,ACONDICIONADOR,DOWNY,800
20565,FOODS,SOPAS Y CALDOS,Caldo Cubo,MAGGI2,2
20240,FOODS,SOPAS Y CALDOS,Caldo Cubo,MAGGI2,12
20285,FOODS,SOPAS Y CALDOS,Caldo Cubo,MAGGI2,6
20259,FOODS,SOPAS Y CALDOS,Caldo Cubo,MAGGI2,2
20142,FOODS,SOPAS Y CALDOS,Caldo Cubo,MAGGI2,12
